{
    "loss": 0.11571299284696579,
    "accuracy": 0.9568345546722412
}