{
    "loss": 0.33048737049102783,
    "accuracy": 0.8561151027679443
}