{
    "loss": 0.4586031138896942,
    "accuracy": 0.7050359845161438
}